label,inches,kind,common
#107,0.0019,number,
#106,0.0023,number,
#105,0.0027,number,
#104,0.0031,number,
#103,0.0035,number,
#102,0.0039,number,
#101,0.0043,number,
#100,0.0047,number,
#99,0.0051,number,
#98,0.0055,number,
#97,0.0059,number,
#96,0.0063,number,
#95,0.0067,number,
#94,0.0071,number,
#93,0.0075,number,
#92,0.0079,number,
#91,0.0083,number,
#90,0.0087,number,
#89,0.0091,number,
#88,0.0095,number,
#87,0.01,number,
#86,0.0105,number,
#85,0.011,number,
#84,0.0115,number,
#83,0.012,number,
#82,0.0125,number,
#81,0.013,number,
#80,0.0135,number,
#79,0.0145,number,
1/64 in,0.0156,fraction,
#78,0.016,number,
#77,0.018,number,
#76,0.02,number,
#75,0.021,number,
#74,0.0225,number,
#73,0.024,number,
#72,0.025,number,
#71,0.026,number,
#70,0.028,number,
#69,0.0292,number,
#68,0.031,number,
1/32 in,0.0313,fraction,
#67,0.032,number,
#66,0.033,number,
#65,0.035,number,
#64,0.036,number,
#63,0.037,number,
#62,0.038,number,
#61,0.039,number,
#60,0.04,number,common
#59,0.041,number,
#58,0.042,number,
#57,0.043,number,
#56,0.0465,number,
3/64 in,0.0469,fraction,
#55,0.052,number,
#54,0.055,number,
#53,0.0595,number,
1/16 in,0.0625,fraction,common
#52,0.0635,number,
#51,0.067,number,
#50,0.07,number,
#49,0.073,number,
#48,0.076,number,
5/64 in,0.0781,fraction,
#47,0.0785,number,common
#46,0.081,number,
#45,0.082,number,
#44,0.086,number,
#43,0.089,number,
#42,0.0935,number,
3/32 in,0.0938,fraction,
#41,0.096,number,
#40,0.098,number,
#39,0.0995,number,common
#38,0.1015,number,
#37,0.104,number,
#36,0.1065,number,
7/64 in,0.1094,fraction,
#35,0.11,number,
#34,0.111,number,
#33,0.113,number,
#32,0.116,number,
#31,0.12,number,common
1/8 in,0.125,fraction,common
#30,0.1285,number,
#29,0.136,number,
#28,0.1405,number,
9/64 in,0.1406,fraction,
#27,0.144,number,
#26,0.147,number,
#25,0.1495,number,
#24,0.152,number,
#23,0.154,number,
5/32 in,0.1563,fraction,
#22,0.157,number,
#21,0.159,number,common
#20,0.161,number,
#19,0.166,number,
#18,0.1695,number,
11/64 in,0.1719,fraction,
#17,0.173,number,
#16,0.177,number,
#15,0.18,number,
#14,0.182,number,
#13,0.185,number,
3/16 in,0.1875,fraction,
#12,0.189,number,
#11,0.191,number,
#10,0.1935,number,
#9,0.196,number,
#8,0.199,number,common
#7,0.201,number,
13/64 in,0.2031,fraction,
#6,0.204,number,
#5,0.2055,number,
#4,0.209,number,
#3,0.213,number,
7/32 in,0.2188,fraction,
#2,0.221,number,
#1,0.228,number,
A,0.234,letter,common
15/64 in,0.2344,fraction,
B,0.238,letter,
C,0.242,letter,
D,0.246,letter,
1/4 in,0.25,fraction,common
E,0.25,letter,common
F,0.257,letter,
G,0.261,letter,
17/64 in,0.2656,fraction,
H,0.266,letter,
I,0.272,letter,
J,0.277,letter,
K,0.281,letter,
9/32 in,0.2813,fraction,
L,0.29,letter,
M,0.295,letter,
19/64 in,0.2969,fraction,
N,0.302,letter,
5/16 in,0.3125,fraction,
O,0.316,letter,common
P,0.323,letter,
21/64 in,0.3281,fraction,
Q,0.332,letter,
R,0.339,letter,
11/32 in,0.3438,fraction,
S,0.348,letter,
T,0.358,letter,
23/64 in,0.3594,fraction,
U,0.368,letter,
3/8 in,0.375,fraction,common
V,0.377,letter,
W,0.386,letter,
25/64 in,0.3906,fraction,
X,0.397,letter,common
Y,0.404,letter,
13/32 in,0.4063,fraction,
Z,0.413,letter,
27/64 in,0.4219,fraction,
7/16 in,0.4375,fraction,
29/64 in,0.4531,fraction,
15/32 in,0.4688,fraction,
31/64 in,0.4844,fraction,
1/2 in,0.5,fraction,common
33/64 in,0.5156,fraction,
17/32 in,0.5313,fraction,
35/64 in,0.5469,fraction,
9/16 in,0.5625,fraction,
37/64 in,0.5781,fraction,
19/32 in,0.5938,fraction,
39/64 in,0.6094,fraction,
5/8 in,0.625,fraction,
41/64 in,0.6406,fraction,
43/64 in,0.6719,fraction,
11/16 in,0.6875,fraction,
45/64 in,0.7031,fraction,
23/32 in,0.7188,fraction,
47/64 in,0.7344,fraction,
3/4 in,0.75,fraction,common
49/64 in,0.7656,fraction,
25/32 in,0.7813,fraction,
51/64 in,0.7969,fraction,
13/16 in,0.8125,fraction,
53/64 in,0.8281,fraction,
27/32 in,0.8438,fraction,
55/64 in,0.8594,fraction,
7/8 in,0.875,fraction,
57/64 in,0.8906,fraction,
29/32 in,0.9063,fraction,
59/64 in,0.9219,fraction,
15/16 in,0.9375,fraction,
61/64 in,0.9531,fraction,
31/32 in,0.9688,fraction,
63/64 in,0.9844,fraction,
1 in,1.0,fraction,common
1-1/64 in,1.0156,fraction,
1-1/32 in,1.0313,fraction,
1-3/64 in,1.0469,fraction,
1-1/16 in,1.0625,fraction,
1-5/64 in,1.0781,fraction,
1-3/32 in,1.0938,fraction,
1-7/64 in,1.1094,fraction,
1-1/8 in,1.125,fraction,
1-9/64 in,1.1406,fraction,
1-5/32 in,1.1563,fraction,
1-11/64 in,1.1719,fraction,
1-3/16 in,1.1875,fraction,
1-13/64 in,1.2031,fraction,
1-7/32 in,1.2188,fraction,
1-15/64 in,1.2344,fraction,
1-1/4 in,1.25,fraction,
1-17/64 in,1.2656,fraction,
1-9/32 in,1.2813,fraction,
1-19/64 in,1.2969,fraction,
1-5/16 in,1.3125,fraction,
1-21/64 in,1.3281,fraction,
1-11/32 in,1.3438,fraction,
1-23/64 in,1.3594,fraction,
1-3/8 in,1.375,fraction,
1-25/64 in,1.3906,fraction,
1-13/32 in,1.4063,fraction,
1-27/64 in,1.4219,fraction,
1-7/16 in,1.4375,fraction,
1-29/64 in,1.4531,fraction,
